# Rust crates linked into libloupe_tokenizers.a (ios-native/tokenizers-ffi, LoupeTokenizers.xcframework)
# Generated by tools/third-party/refresh-tokenizers-crates.py --ios from
# ios-native/tokenizers-ffi/Cargo.lock (normal deps, targets: aarch64-apple-ios, aarch64-apple-ios-sim).
# Columns: crate, version, licence (Cargo.toml), origin, licence text ids in third-party/texts
# ('-' = the crate ships no licence file; the generator uses the canonical SPDX text).
ahash	0.8.12	MIT OR Apache-2.0	crates.io	a60eea8175145316,0444c6991eead682
aho-corasick	1.1.5	Unlicense OR MIT	crates.io	01c266bced4a434d,0f96a83840e146e4,7e12e5df4bae12cb
base64	0.13.1	MIT/Apache-2.0	crates.io	a60eea8175145316,0dd882e53de11566
bitflags	2.13.2	MIT OR Apache-2.0	crates.io	a60eea8175145316,6485b8ed310d3f03
castaway	0.2.4	MIT	crates.io	f98e09091d5ae02b
cfg-if	1.0.5	MIT OR Apache-2.0	crates.io	a60eea8175145316,378f5840b258e277
compact_str	0.9.1	MIT	crates.io	0d52feec79589df3
crossbeam-deque	0.8.8	MIT OR Apache-2.0	crates.io	a60eea8175145316,5734ed989dfca1f6
crossbeam-epoch	0.9.21	MIT OR Apache-2.0	crates.io	a60eea8175145316,5734ed989dfca1f6
crossbeam-utils	0.8.23	MIT OR Apache-2.0	crates.io	a60eea8175145316,5734ed989dfca1f6
darling	0.20.11	MIT	crates.io	8ea93490d74a5a1b
darling_core	0.20.11	MIT	crates.io	8ea93490d74a5a1b
darling_macro	0.20.11	MIT	crates.io	8ea93490d74a5a1b
dary_heap	0.3.9	MIT OR Apache-2.0	crates.io	62c7a1e35f564068,23f18e03dc49df91
derive_builder	0.20.2	MIT OR Apache-2.0	crates.io	b40930bbcf80744c,8c9612877aacfa1b
derive_builder_core	0.20.2	MIT OR Apache-2.0	crates.io	b40930bbcf80744c,8c9612877aacfa1b
derive_builder_macro	0.20.2	MIT OR Apache-2.0	crates.io	b40930bbcf80744c,8c9612877aacfa1b
either	1.18.0	MIT OR Apache-2.0	crates.io	a60eea8175145316,7576269ea71f767b
esaxx-rs	0.1.10	Apache-2.0	crates.io	c71d239df91726fc
fnv	1.0.7	Apache-2.0 / MIT	crates.io	a60eea8175145316,65fdb6c76cd61612
getrandom	0.3.4	MIT OR Apache-2.0	crates.io	aaff376532ea30a0,29e9fe5074bd27e0
ident_case	1.0.1	MIT/Apache-2.0	crates.io	508a77d2e7b51d98
itertools	0.14.0	MIT OR Apache-2.0	crates.io	a60eea8175145316,7576269ea71f767b
itoa	1.0.18	MIT OR Apache-2.0	crates.io	62c7a1e35f564068,23f18e03dc49df91
libc	0.2.189	MIT OR Apache-2.0	crates.io	62c7a1e35f564068,123a331b5dbf04c3
log	0.4.34	MIT OR Apache-2.0	crates.io	a60eea8175145316,6485b8ed310d3f03
macro_rules_attribute	0.2.3	Apache-2.0 OR MIT OR Zlib	crates.io	388e98b08de12ba8,603fb27ef3266ea5,1c41c0e19caa2c20
macro_rules_attribute-proc_macro	0.2.3	Apache-2.0 OR MIT OR Zlib	crates.io	388e98b08de12ba8,603fb27ef3266ea5,1c41c0e19caa2c20
memchr	2.8.3	Unlicense OR MIT	crates.io	01c266bced4a434d,0f96a83840e146e4,7e12e5df4bae12cb
minimal-lexical	0.2.1	MIT/Apache-2.0	crates.io	8173d5c29b4f956d,23f18e03dc49df91,dbe1fff0fb1314b6
monostate	0.1.18	MIT OR Apache-2.0	crates.io	62c7a1e35f564068,23f18e03dc49df91
monostate-impl	0.1.18	MIT OR Apache-2.0	crates.io	62c7a1e35f564068,23f18e03dc49df91
nom	7.1.3	MIT	crates.io	4dbda04344456f09
once_cell	1.21.4	MIT OR Apache-2.0	crates.io	a60eea8175145316,23f18e03dc49df91
onig	6.5.1	MIT	crates.io	e9c1238c5beb73c6
onig_sys	69.9.3	MIT	crates.io	71f321038b088358,70ba5469ea0bab6e
paste	1.0.15	MIT OR Apache-2.0	crates.io	62c7a1e35f564068,23f18e03dc49df91
pastey	0.2.3	MIT OR Apache-2.0	crates.io	62c7a1e35f564068,23f18e03dc49df91
ppv-lite86	0.2.21	MIT OR Apache-2.0	crates.io	0218327e7a480793,4cada0bd02ea3692
proc-macro2	1.0.107	MIT OR Apache-2.0	crates.io	62c7a1e35f564068,23f18e03dc49df91
quote	1.0.47	MIT OR Apache-2.0	crates.io	62c7a1e35f564068,23f18e03dc49df91
rand	0.9.5	MIT OR Apache-2.0	crates.io	90eb64f0279b0d94,35242e7a83f69875,209fbbe0ad52d923
rand_chacha	0.9.0	MIT OR Apache-2.0	crates.io	90eb64f0279b0d94,35242e7a83f69875,209fbbe0ad52d923
rand_core	0.9.5	MIT OR Apache-2.0	crates.io	90eb64f0279b0d94,6df43f6f4b5d4587,209fbbe0ad52d923
rayon	1.12.0	MIT OR Apache-2.0	crates.io	a60eea8175145316,0621878e61f0d0fd
rayon-cond	0.4.0	Apache-2.0/MIT	crates.io	a60eea8175145316,27995d58ad5c1145
rayon-core	1.13.0	MIT OR Apache-2.0	crates.io	a60eea8175145316,0621878e61f0d0fd
regex	1.13.1	MIT OR Apache-2.0	crates.io	a60eea8175145316,6485b8ed310d3f03
regex-automata	0.4.18	MIT OR Apache-2.0	crates.io	a60eea8175145316,6485b8ed310d3f03
regex-syntax	0.8.11	MIT OR Apache-2.0	crates.io	a60eea8175145316,6485b8ed310d3f03
rustversion	1.0.23	MIT OR Apache-2.0	crates.io	62c7a1e35f564068,23f18e03dc49df91
ryu	1.0.23	Apache-2.0 OR BSL-1.0	crates.io	62c7a1e35f564068,c9bff75738922193
serde	1.0.229	MIT OR Apache-2.0	crates.io	62c7a1e35f564068,23f18e03dc49df91
serde_core	1.0.229	MIT OR Apache-2.0	crates.io	62c7a1e35f564068,23f18e03dc49df91
serde_derive	1.0.229	MIT OR Apache-2.0	crates.io	62c7a1e35f564068,23f18e03dc49df91
serde_json	1.0.151	MIT OR Apache-2.0	crates.io	62c7a1e35f564068,23f18e03dc49df91
smallvec	1.16.1	MIT OR Apache-2.0	crates.io	a60eea8175145316,0b28172679e0009b
spm_precompiled	0.1.4	Apache-2.0	crates.io	c71d239df91726fc
static_assertions	1.1.0	MIT OR Apache-2.0	crates.io	cfc7749b96f63bd3,ea084a2373ebc1f0
strsim	0.11.1	MIT	crates.io	1e697ce8d21401fb
syn	2.0.119	MIT OR Apache-2.0	crates.io	62c7a1e35f564068,23f18e03dc49df91
syn	3.0.6	MIT OR Apache-2.0	crates.io	62c7a1e35f564068,23f18e03dc49df91
thiserror	2.0.20	MIT OR Apache-2.0	crates.io	62c7a1e35f564068,23f18e03dc49df91
thiserror-impl	2.0.20	MIT OR Apache-2.0	crates.io	62c7a1e35f564068,23f18e03dc49df91
tokenizers	0.21.4	Apache-2.0	crates.io	c71d239df91726fc
unicode-ident	1.0.26	(MIT OR Apache-2.0) AND Unicode-3.0	crates.io	62c7a1e35f564068,23f18e03dc49df91,f7db81051789b729
unicode-normalization-alignments	0.1.12	MIT/Apache-2.0	crates.io	23860c2a7b5d96b2,a60eea8175145316,7b63ecd5f1902af1
unicode-segmentation	1.13.3	MIT OR Apache-2.0	crates.io	23860c2a7b5d96b2,a60eea8175145316,7b63ecd5f1902af1
unicode_categories	0.1.1	MIT OR Apache-2.0	crates.io	b40930bbcf80744c,98a817e7b85e5fe4
zerocopy	0.8.57	BSD-2-Clause OR Apache-2.0 OR MIT	crates.io	1520f0253bb05bbf,83c1763356e822ad,24fa231567ace7e0
zmij	1.0.23	MIT	crates.io	23f18e03dc49df91
